City_ID,City,Country,Lat,Lng,Max Temp,Humidity,Cloudiness,Wind Speed,Current Description
0,Khatanga,RU,71.97,102.5,15.82,96,100,21.99,overcast clouds
1,Yulara,AU,-25.24,130.99,84.2,26,98,16.11,overcast clouds
2,Punta Arenas,CL,-53.15,-70.92,55.4,54,75,25.28,broken clouds
3,Atuona,PF,-9.8,-139.03,79.14,78,6,20.13,clear sky
4,Lima,PE,-12.04,-77.03,71.6,68,20,10.29,few clouds
5,Ushuaia,AR,-54.8,-68.3,50.0,61,75,20.8,broken clouds
6,Slave Lake,CA,55.28,-114.77,15.8,85,1,6.93,clear sky
7,Kodiak,US,57.79,-152.41,32.0,92,90,9.17,overcast clouds
8,Merville,FR,50.64,2.64,37.99,93,0,1.99,clear sky
9,Lubao,PH,14.92,120.55,77.0,83,75,4.7,broken clouds
10,Chapais,CA,49.78,-74.85,28.4,79,90,3.36,light snow
11,Ahipara,NZ,-35.17,173.17,65.37,91,98,11.16,overcast clouds
12,Saskylakh,RU,71.92,114.08,12.16,93,95,15.75,overcast clouds
13,Makakilo City,US,21.35,-158.09,78.8,61,20,9.17,few clouds
14,Jamestown,US,42.1,-79.24,50.0,39,1,9.17,clear sky
15,Broome,US,42.25,-75.83,51.01,42,1,11.41,clear sky
16,Hasaki,JP,35.73,140.83,41.0,86,75,5.82,broken clouds
17,Pevek,RU,69.7,170.31,-1.03,93,100,8.08,overcast clouds
18,Butaritari,KI,3.07,172.79,81.9,77,37,21.41,scattered clouds
19,Victoria,HK,22.29,114.16,64.99,68,100,11.21,overcast clouds
20,Camacha,PT,33.08,-16.33,60.8,63,40,19.46,scattered clouds
21,Rawah,IQ,34.48,41.91,56.14,54,0,3.85,clear sky
22,Rikitea,PF,-23.12,-134.97,76.32,81,92,11.9,light rain
23,Mataura,NZ,-46.19,168.86,51.01,93,100,3.0,light rain
24,Hofn,IS,64.25,-15.21,38.91,72,87,13.27,overcast clouds
25,Yakeshi,CN,49.28,120.73,-7.24,90,98,4.5,overcast clouds
26,Torbay,CA,47.67,-52.73,41.0,93,90,21.92,overcast clouds
27,Amethi,IN,26.15,81.82,62.28,42,0,3.94,clear sky
28,Fort William,GB,56.82,-5.11,43.0,96,99,5.17,overcast clouds
29,Empalme,MX,27.97,-110.82,82.99,16,5,14.99,clear sky
30,Buraydah,SA,26.33,43.98,57.2,93,0,4.7,clear sky
31,Coihaique,CL,-45.58,-72.07,55.4,54,40,6.93,scattered clouds
32,Te Anau,NZ,-45.42,167.72,46.27,88,100,1.23,overcast clouds
33,Bluff,NZ,-46.6,168.33,51.01,93,100,3.0,light rain
34,Port-Gentil,GA,-0.72,8.78,80.6,88,40,8.05,scattered clouds
35,Yellowknife,CA,62.46,-114.35,26.01,79,20,8.05,few clouds
36,Barrow,US,71.29,-156.79,1.4,84,90,5.82,overcast clouds
37,Norman Wells,CA,65.28,-126.83,-2.2,77,75,2.24,broken clouds
38,Kapaa,US,22.08,-159.32,78.8,69,20,13.87,few clouds
39,Carutapera,BR,-1.2,-46.02,79.81,88,74,7.63,broken clouds
40,Yeppoon,AU,-23.13,150.73,64.4,88,0,4.25,clear sky
41,Hobart,AU,-42.88,147.33,50.0,81,20,5.82,few clouds
42,Vaini,TO,-21.2,-175.2,77.0,78,40,13.87,light intensity shower rain
43,Praya,CV,14.92,-23.51,73.4,69,75,13.87,broken clouds
44,Carnarvon,AU,-24.87,113.63,68.0,72,40,24.16,scattered clouds
45,Sciacca,IT,37.51,13.09,51.01,99,53,5.99,broken clouds
46,Kununurra,AU,-15.77,128.73,80.6,88,40,3.36,scattered clouds
47,Tiznit,MA,29.58,-9.5,59.45,71,100,2.73,light rain
48,Avarua,CK,-21.21,-159.78,80.6,88,99,5.82,light rain
49,Grand Gaube,MU,-20.01,57.66,75.0,80,3,5.01,clear sky
50,Port Alfred,ZA,-33.59,26.89,63.63,73,0,7.16,clear sky
51,Bengkulu,ID,-3.8,102.27,74.57,84,100,3.67,moderate rain
52,Ribeira Grande,PT,38.52,-28.7,59.0,72,40,10.29,light intensity shower rain
53,Mahajanga,MG,-15.72,46.32,82.4,78,20,10.29,few clouds
54,Kawalu,ID,-7.38,108.21,70.7,90,100,2.01,overcast clouds
55,Turukhansk,RU,65.82,87.98,-1.35,92,100,12.77,overcast clouds
56,Tuktoyaktuk,CA,69.45,-133.04,-5.8,83,75,5.82,mist
57,East London,ZA,-33.02,27.91,65.97,72,2,6.15,clear sky
58,Dikson,RU,73.51,80.55,31.41,99,100,27.11,light snow
59,Lebu,CL,-37.62,-73.65,55.83,65,0,25.97,clear sky
60,Impfondo,CG,1.64,18.07,76.46,71,67,2.71,broken clouds
61,Blackwater,AU,-23.58,148.88,69.13,74,0,3.47,clear sky
62,Bismarck,US,46.81,-100.78,33.8,47,1,16.11,clear sky
63,Bhum,IN,18.47,75.67,73.15,70,71,8.77,broken clouds
64,Hithadhoo,MV,-0.6,73.08,82.29,69,100,7.9,overcast clouds
65,Keti Bandar,PK,24.14,67.45,70.02,38,0,4.41,clear sky
66,Voyvozh,RU,62.89,54.96,8.24,95,0,7.27,clear sky
67,Qaanaaq,GL,77.48,-69.36,-17.07,81,100,1.97,overcast clouds
68,Pangkalanbuun,ID,-2.68,111.62,72.75,97,100,2.42,overcast clouds
69,Hambantota,LK,6.12,81.12,78.8,94,0,6.93,clear sky
70,Bredasdorp,ZA,-34.53,20.04,57.2,76,0,3.36,clear sky
71,Ilulissat,GL,69.22,-51.1,28.4,63,100,18.34,overcast clouds
72,Busselton,AU,-33.65,115.33,51.01,97,26,16.73,scattered clouds
73,Namie,JP,37.48,141.0,37.0,82,43,3.49,scattered clouds
74,Mar Del Plata,AR,-38.0,-57.56,68.0,49,22,17.22,few clouds
75,Lompoc,US,34.64,-120.46,66.2,22,1,4.54,clear sky
76,Pompeu,BR,-19.22,-44.94,78.35,54,17,6.04,few clouds
77,Pangai,TO,-19.8,-174.35,78.8,74,75,9.17,broken clouds
78,Warrnambool,AU,-38.38,142.48,48.0,94,97,7.83,overcast clouds
79,Rizhao,CN,35.43,119.46,33.6,83,0,6.38,clear sky
80,Thompson,CA,55.74,-97.86,5.0,77,75,3.36,broken clouds
81,Saint-Philippe,RE,-21.36,55.77,73.4,78,0,4.7,clear sky
82,Tazovskiy,RU,67.47,78.7,13.71,96,100,16.33,overcast clouds
83,Eirunepe,BR,-6.66,-69.87,81.36,90,100,4.41,moderate rain
84,Hermanus,ZA,-34.42,19.23,57.99,83,0,8.16,clear sky
85,Tucurui,BR,-3.77,-49.67,84.94,71,100,3.18,light rain
86,Nantucket,US,41.28,-70.1,53.6,58,1,12.75,clear sky
87,Lake Havasu City,US,34.48,-114.32,66.2,15,1,8.05,clear sky
88,Anadyr,RU,64.75,177.48,-0.4,84,75,15.66,light snow
89,Launceston,AU,-41.45,147.17,46.0,87,4,1.12,clear sky
90,Cape Town,ZA,-33.93,18.42,63.0,77,0,18.34,clear sky
91,Cherskiy,RU,68.75,161.3,-9.69,90,100,5.32,overcast clouds
92,Gympie,AU,-26.19,152.66,69.01,86,54,1.01,broken clouds
93,Honningsvag,NO,70.98,25.97,37.4,74,20,25.28,few clouds
94,Narsaq,GL,60.92,-46.05,21.2,48,100,6.93,overcast clouds
95,Tekeli,KZ,44.83,78.82,16.09,88,100,6.58,light snow
96,Guerrero Negro,MX,27.98,-114.06,73.31,23,0,7.36,clear sky
97,Kahului,US,20.89,-156.47,77.0,65,40,11.41,scattered clouds
98,Vardo,NO,70.37,31.11,30.2,86,20,44.96,few clouds
99,Albany,US,42.6,-73.97,50.0,33,0,4.05,clear sky
100,Susehri,TR,40.16,38.09,37.6,72,0,1.86,clear sky
101,Hilo,US,19.73,-155.09,77.0,65,1,3.36,clear sky
102,Ekhabi,RU,53.51,142.97,21.87,94,100,15.86,overcast clouds
103,Cidreira,BR,-30.18,-50.21,79.21,77,39,6.53,scattered clouds
104,Tommot,RU,58.96,126.29,0.55,90,100,10.31,light snow
105,Svetlyy,RU,54.67,20.13,33.01,96,0,4.47,clear sky
106,Upernavik,GL,72.79,-56.15,8.04,88,100,18.32,overcast clouds
107,San Cristobal,VE,7.77,-72.22,87.8,58,40,4.7,scattered clouds
108,Vostok,RU,46.49,135.88,2.39,94,100,4.7,overcast clouds
109,Pedasi,PA,7.53,-80.03,80.73,80,38,6.13,light rain
110,Trelew,AR,-43.25,-65.31,65.55,26,19,8.48,few clouds
111,Shingu,JP,33.73,135.98,44.69,81,0,7.7,clear sky
112,Beringovskiy,RU,63.05,179.32,4.62,92,8,13.4,clear sky
113,San Juan Del Cesar,CO,10.77,-73.0,84.11,72,48,8.72,light rain
114,Elliot Lake,CA,46.38,-82.63,44.6,81,40,11.41,scattered clouds
115,Namibe,AO,-15.2,12.15,72.0,77,100,7.02,overcast clouds
116,Airai,TL,-8.93,125.41,61.88,91,19,1.52,few clouds
117,Laguna,US,38.42,-121.42,60.01,50,1,3.36,clear sky
118,Eydhafushi,MV,5.1,73.07,82.38,71,9,10.92,clear sky
119,Hirado,JP,33.36,129.55,50.0,35,42,1.99,scattered clouds
120,Puerto Ayora,EC,-0.74,-90.35,77.0,73,75,19.46,broken clouds
121,Sisimiut,GL,66.94,-53.67,23.68,94,100,6.29,overcast clouds
122,Gornopravdinsk,RU,60.05,69.9,4.93,94,0,3.22,clear sky
123,Georgetown,MY,5.41,100.34,78.8,94,20,2.24,few clouds
124,New Norfolk,AU,-42.78,147.06,48.0,72,45,2.17,scattered clouds
125,Quatre Cocos,MU,-20.21,57.76,75.2,83,40,6.93,scattered clouds
126,Clyde River,CA,70.47,-68.59,-13.0,75,1,5.82,clear sky
127,Lasa,IT,46.62,10.7,30.2,80,5,4.7,clear sky
128,Xai-Xai,MZ,-25.05,33.64,73.98,77,100,16.53,overcast clouds
129,Batagay-Alyta,RU,67.8,130.41,-4.47,82,54,3.09,broken clouds
130,Hokitika,NZ,-42.72,170.97,53.67,87,100,7.02,overcast clouds
131,Olinda,BR,-8.01,-34.86,78.8,65,40,12.75,scattered clouds
132,Saint Anthony,US,45.02,-93.22,37.0,43,1,14.99,clear sky
133,Rudnaya Pristan,RU,44.36,135.81,15.73,86,0,7.81,clear sky
134,Svetlogorsk,BY,52.63,29.73,30.0,98,92,6.55,overcast clouds
135,Kudahuvadhoo,MV,2.67,72.89,82.08,67,20,7.85,few clouds
136,Nikolskoye,RU,59.7,30.79,30.2,86,90,13.42,overcast clouds
137,Le Port,RE,-20.94,55.29,73.4,73,0,13.87,clear sky
138,Sabang,ID,5.89,95.32,80.38,76,100,4.59,overcast clouds
139,Tuatapere,NZ,-46.13,167.68,51.01,93,100,3.0,moderate rain
140,Durango,MX,24.83,-104.83,65.55,32,0,7.85,clear sky
141,Esmeraldas,BR,-19.76,-44.31,84.2,45,75,8.05,broken clouds
142,Helong,CN,42.54,129.0,14.43,85,0,5.21,clear sky
143,Geraldton,AU,-28.77,114.6,64.4,63,100,10.29,overcast clouds
144,Koumac,NC,-20.57,164.28,74.71,66,0,4.27,clear sky
145,Oranjemund,NA,-28.55,16.43,60.89,81,0,12.41,clear sky
146,Ponta Do Sol,PT,32.67,-17.1,55.4,76,75,23.04,light intensity shower rain
147,Katangli,RU,51.71,143.23,17.58,96,100,11.41,light snow
148,Vanino,RU,49.09,140.25,11.95,79,29,9.08,scattered clouds
149,Kattivakkam,IN,13.22,80.32,77.0,94,75,2.24,broken clouds
150,Tanete,ID,-3.94,119.78,77.23,84,100,2.64,overcast clouds
151,Kandrian,PG,-6.22,149.55,78.19,83,100,3.74,light rain
152,Provideniya,RU,64.38,-173.3,21.2,67,75,17.9,heavy snow
153,Codrington,AU,-38.27,141.97,49.06,90,89,6.38,overcast clouds
154,Nanortalik,GL,60.14,-45.24,28.53,85,100,4.99,overcast clouds
155,Chokurdakh,RU,70.63,147.92,-7.17,91,98,11.54,overcast clouds
156,Tiksi,RU,71.69,128.87,2.32,89,100,21.32,overcast clouds
157,Lander,US,42.83,-108.73,36.0,37,1,3.22,clear sky
158,Patan,NP,27.67,85.33,46.4,93,20,3.36,few clouds
159,Maridi,SS,4.92,29.47,71.1,43,73,3.89,broken clouds
160,Mahebourg,MU,-20.41,57.7,75.2,83,40,6.93,scattered clouds
161,Thiruvananthapuram,IN,8.48,76.92,86.0,70,40,3.42,haze
162,Lagoa,PT,39.05,-27.98,60.73,74,100,26.57,light rain
163,Lata,PT,40.16,-8.33,55.0,87,58,3.0,broken clouds
164,Inhambane,MZ,-23.86,35.38,77.0,94,75,2.24,broken clouds
165,Esperance,AU,-33.87,121.9,60.8,82,75,19.46,broken clouds
166,Semnan,IR,35.57,53.4,46.58,83,100,2.84,overcast clouds
167,Saint George,US,37.1,-113.58,52.0,24,1,2.21,clear sky
168,Beaverlodge,CA,55.22,-119.44,15.8,92,90,3.24,overcast clouds
169,Talnakh,RU,69.49,88.4,5.0,84,90,29.08,snow
170,Deputatskiy,RU,69.3,139.9,-14.57,89,10,6.53,clear sky
171,Charkhi Dadri,IN,28.6,76.27,61.97,29,0,2.82,clear sky
172,Bundaberg,AU,-24.85,152.35,75.99,88,0,8.05,clear sky
173,Rudnogorsk,RU,57.26,103.75,5.65,96,100,3.4,overcast clouds
174,Pisco,PE,-13.7,-76.22,73.4,69,0,16.11,light rain
175,Sitka,US,57.05,-135.33,39.2,86,75,5.82,broken clouds
176,Cayenne,GF,4.93,-52.33,84.2,74,40,9.17,scattered clouds
177,Nokaneng,BW,-19.67,22.27,73.13,72,100,7.74,overcast clouds
178,Ancud,CL,-41.87,-73.82,55.4,58,90,5.82,overcast clouds
179,Maxixe,MZ,-23.86,35.35,77.0,94,75,2.24,broken clouds
180,Solano,US,38.23,-121.95,64.0,36,1,3.36,clear sky
181,Lengshuitan,CN,26.41,111.6,46.81,73,100,7.16,overcast clouds
182,Montargis,FR,47.83,2.75,37.99,89,0,7.07,clear sky
183,Port Hardy,CA,50.7,-127.42,44.6,87,90,19.46,light rain
184,Corinto,GR,37.94,22.96,57.0,70,99,1.99,overcast clouds
185,Coahuayana,MX,18.73,-103.68,78.8,78,75,11.41,broken clouds
186,Majene,ID,-3.54,118.97,78.73,77,86,3.8,light rain
187,Athabasca,CA,54.72,-113.29,21.2,67,64,6.93,broken clouds
188,Kyaikkami,MM,16.08,97.57,77.31,72,12,5.88,few clouds
189,Buta,CD,2.79,24.73,70.36,94,21,2.84,few clouds
190,Sorland,NO,67.67,12.69,44.6,87,75,28.86,broken clouds
191,Bluefield,US,37.27,-81.22,52.0,53,1,9.17,clear sky
192,Joao Pinheiro,BR,-17.74,-46.17,78.06,60,58,3.98,broken clouds
193,Bambous Virieux,MU,-20.34,57.76,75.2,83,40,6.93,scattered clouds
194,Aksu,CN,41.12,80.26,22.8,87,0,2.77,clear sky
195,Port Elizabeth,ZA,-33.92,25.57,59.0,87,0,5.82,clear sky
196,Xining,CN,36.62,101.77,24.48,88,99,0.74,light snow
197,Roald,NO,62.58,6.13,46.99,65,75,12.75,broken clouds
198,Ljubinje,BA,42.95,18.09,55.4,66,20,11.41,few clouds
199,Isangel,VU,-19.55,169.27,74.64,63,2,8.14,clear sky
200,Tirumullaivasal,IN,11.23,79.83,77.47,87,15,9.71,light rain
201,Walvis Bay,NA,-22.96,14.51,59.0,82,0,6.93,clear sky
202,Angoche,MZ,-16.23,39.91,79.77,84,3,5.5,clear sky
203,Karaton,ID,-6.34,106.1,77.0,88,40,5.82,light rain
204,Wamba,NG,8.93,8.6,77.68,31,81,3.58,broken clouds
205,Floro,NO,61.6,5.03,44.6,81,75,23.04,broken clouds
206,Cockburn Town,TC,21.46,-71.14,80.6,61,40,6.93,scattered clouds
207,Morgan City,US,29.7,-91.21,61.0,93,90,8.05,mist
208,Mehamn,NO,71.04,27.85,32.0,74,0,31.09,clear sky
209,Waipawa,NZ,-41.41,175.52,59.0,82,100,19.46,overcast clouds
210,Uri,IN,34.08,74.03,45.82,49,0,7.38,clear sky
211,Sioux Lookout,CA,50.1,-91.92,23.0,79,90,13.87,overcast clouds
212,Polessk,RU,54.86,21.1,33.01,91,0,4.47,clear sky
213,Marsta,SE,59.62,17.85,32.0,92,90,5.82,overcast clouds
214,Okhotsk,RU,59.38,143.3,4.17,85,100,15.41,overcast clouds
215,Lavrentiya,RU,65.58,-171.0,15.21,93,0,11.25,clear sky
216,Lazaro Cardenas,MX,17.96,-102.2,82.96,66,0,7.96,clear sky
217,Kruisfontein,ZA,-34.0,24.73,57.99,89,0,3.06,clear sky
218,Fort Nelson,CA,58.81,-122.7,28.4,74,75,4.7,broken clouds
219,Vilhena,BR,-12.74,-60.15,84.2,62,40,10.29,scattered clouds
220,Ogulin,HR,45.27,15.23,41.0,48,0,3.36,clear sky
221,Apex,US,35.73,-78.85,63.0,51,90,5.82,overcast clouds
222,Bonoua,CI,5.27,-3.6,82.4,83,20,5.82,few clouds
223,Hailar,CN,49.2,119.7,-1.35,91,36,6.04,scattered clouds
224,Semey,KZ,50.41,80.23,8.49,93,0,3.44,clear sky
225,Riyadh,SA,24.69,46.72,64.4,82,75,12.75,broken clouds
226,Xichang,CN,27.9,102.26,45.23,73,3,1.19,clear sky
227,Severo-Kurilsk,RU,50.68,156.12,29.7,92,100,6.71,light snow
228,Whitianga,NZ,-36.83,175.7,62.01,83,99,1.01,overcast clouds
229,Tura,IN,25.52,90.22,61.39,71,0,3.69,clear sky
230,Skagen,DK,57.72,10.58,36.0,89,100,7.0,overcast clouds
231,Wahiawa,US,21.5,-158.02,78.8,83,40,8.05,scattered clouds
232,Durban,ZA,-29.86,31.03,68.0,82,0,4.7,clear sky
233,Kathu,TH,7.92,98.33,84.0,83,20,8.05,few clouds
234,Bhongir,IN,17.51,78.89,69.01,94,75,4.7,broken clouds
235,Fairbanks,US,64.84,-147.72,10.99,76,40,3.36,scattered clouds
236,Ibiruba,BR,-28.63,-53.09,83.84,65,3,9.35,light rain
237,Iqaluit,CA,63.75,-68.51,-13.0,69,20,11.41,few clouds
238,Jardim,BR,-21.48,-56.14,99.84,25,68,3.6,broken clouds
239,Leshukonskoye,RU,64.9,45.76,18.82,96,100,8.16,overcast clouds
240,Arraial Do Cabo,BR,-22.97,-42.03,82.4,69,0,26.4,clear sky
241,Langsa,ID,4.47,97.97,73.76,92,99,1.5,overcast clouds
242,Castro,BR,-24.79,-50.01,75.34,73,85,1.74,heavy intensity rain
243,Karakol,KG,42.49,78.39,17.01,83,98,2.64,overcast clouds
244,Igarka,RU,67.47,86.58,4.23,94,100,15.77,light snow
245,Vila,PT,42.03,-8.16,51.01,83,71,5.99,broken clouds
246,Faanui,PF,-16.48,-151.75,81.16,76,4,8.59,clear sky
247,Longyearbyen,SJ,78.22,15.64,19.4,62,75,19.46,light snow
248,Igrim,RU,63.19,64.42,13.82,94,94,6.89,overcast clouds
249,Great Yarmouth,GB,52.61,1.73,46.0,93,90,4.7,haze
250,Diamantino,BR,-14.41,-56.45,92.77,41,54,4.63,broken clouds
251,Kindu,CD,-2.95,25.95,67.78,96,100,2.28,overcast clouds
252,Mayo,US,38.89,-76.51,57.0,54,1,11.41,clear sky
253,Ixtapa,MX,20.7,-105.2,80.6,69,5,9.17,clear sky
254,Yagodnoye,RU,62.55,149.67,-11.33,85,85,2.15,overcast clouds
255,Balabac,PH,7.99,117.06,81.25,78,100,8.77,overcast clouds
256,Katherine,AU,-14.47,132.27,82.4,69,0,5.82,clear sky
257,Methoni,GR,36.82,21.7,55.99,87,100,3.36,moderate rain
258,Taoudenni,ML,22.68,-3.98,70.7,23,92,6.08,overcast clouds
259,Bereda,ES,43.27,-7.54,48.0,100,100,3.0,overcast clouds
260,Liepaja,LV,56.54,21.04,33.8,84,99,1.12,overcast clouds
261,Tofield,CA,53.37,-112.67,17.6,85,100,8.05,overcast clouds
262,Akureyri,IS,65.68,-18.09,28.4,86,75,2.24,broken clouds
263,Barao De Melgaco,BR,-16.19,-55.97,98.6,30,40,8.05,scattered clouds
264,Churapcha,RU,62.0,132.43,-28.25,85,95,0.34,overcast clouds
265,Tabat,ID,-2.63,115.23,72.82,97,99,0.38,overcast clouds
266,Portobelo,PA,9.55,-79.65,81.0,99,99,5.73,overcast clouds
267,Mukhen,RU,48.1,136.1,11.34,91,100,9.08,overcast clouds
268,Rokytne,UA,51.28,27.21,29.12,98,98,7.05,overcast clouds
269,Shache,CN,38.42,77.24,20.16,90,0,2.77,clear sky
270,Usinsk,RU,65.99,57.53,14.14,94,100,20.33,overcast clouds
271,Marquette,US,46.53,-87.63,39.0,79,100,1.01,overcast clouds
272,Kavieng,PG,-2.57,150.8,80.56,78,100,19.06,light rain
273,Yazykovo,RU,55.22,56.14,18.68,98,96,4.45,overcast clouds
274,Benguela,AO,-12.58,13.41,79.12,76,100,8.14,overcast clouds
275,Komsomolskiy,UZ,40.43,71.72,30.2,86,0,4.7,mist
276,Kanye,BW,-24.97,25.33,73.17,47,8,4.38,clear sky
277,Bathsheba,BB,13.22,-59.52,84.2,74,20,18.34,few clouds
278,Casper,US,42.87,-106.31,39.99,37,1,10.29,clear sky
279,Kloulklubed,PW,7.04,134.26,80.6,83,75,3.36,broken clouds
280,Morros,BR,-9.45,-46.3,85.87,49,60,4.5,broken clouds
281,Boo,SE,59.33,18.28,33.01,87,90,2.24,overcast clouds
282,Micheweni,TZ,-4.97,39.83,81.01,77,93,6.17,overcast clouds
283,Alice Springs,AU,-23.7,133.88,80.6,30,13,8.05,few clouds
284,Klyuchi,RU,52.27,79.17,14.4,94,0,6.11,clear sky
285,Asau,RO,46.43,26.4,34.0,93,75,3.36,broken clouds
286,Haikou,CN,20.05,110.34,68.0,72,40,13.42,scattered clouds
287,Gongzhuling,CN,43.5,124.82,6.17,93,0,8.55,clear sky
288,Sur,OM,22.57,59.53,69.82,63,0,4.47,clear sky
289,Isla Vista,US,34.41,-119.86,70.0,37,0,4.54,clear sky
290,Honiara,SB,-9.43,159.95,71.6,94,75,4.7,broken clouds
291,Kurilsk,RU,45.23,147.88,32.43,90,99,15.05,overcast clouds
292,Bethel,US,41.37,-73.41,53.01,32,1,4.7,clear sky
293,Voh,NC,-20.97,164.7,75.61,62,0,4.16,clear sky
294,Chuy,UY,-33.7,-53.46,79.05,60,5,8.63,clear sky
295,Luderitz,NA,-26.65,15.16,59.0,87,0,17.22,clear sky
296,Cabo San Lucas,MX,22.89,-109.91,82.99,64,5,3.36,clear sky
297,Sinop,TR,41.77,34.87,45.52,49,74,7.16,broken clouds
298,Pital,CO,2.27,-75.8,83.03,52,79,3.53,light rain
299,Saldanha,ZA,-33.01,17.94,60.8,77,0,11.41,clear sky
300,Gold Coast,AU,-28.0,153.43,73.0,78,100,12.75,light rain
301,Qurayyat,SA,31.33,37.34,51.8,71,0,4.7,clear sky
302,Sapa,PH,5.15,120.32,80.4,78,100,1.86,heavy intensity rain
303,Souillac,MU,-20.52,57.52,75.2,83,40,6.93,scattered clouds
304,Dali,CN,25.7,100.18,44.02,75,0,0.87,clear sky
305,Ucluelet,CA,48.93,-125.55,45.0,93,90,8.05,mist
306,Saint-Joseph,RE,-21.37,55.62,73.4,78,0,4.7,clear sky
307,Berlevag,NO,70.86,29.09,32.0,88,0,31.09,clear sky
308,Villa Maria,AR,-32.41,-63.24,74.39,69,100,18.21,overcast clouds
309,Chicama,PE,-7.84,-79.15,68.0,77,40,14.99,mist
310,Balsas,BR,-7.53,-46.04,88.63,45,93,3.76,overcast clouds
311,Muros,ES,42.78,-9.06,52.0,89,89,8.37,overcast clouds
312,Coyah,GN,9.75,-13.42,78.15,79,100,3.29,overcast clouds
313,Hamilton,US,39.18,-84.53,54.0,46,1,4.7,clear sky
314,Lauria,IT,40.05,15.84,52.0,87,100,7.74,overcast clouds
315,Nishihara,JP,26.18,127.76,68.0,52,40,8.05,scattered clouds
316,Coquimbo,CL,-29.95,-71.34,64.4,68,0,14.99,clear sky
317,Aljezur,PT,37.32,-8.8,52.0,92,82,1.99,broken clouds
318,Zhigansk,RU,66.77,123.37,-2.29,92,100,11.12,overcast clouds
319,Adrar,MR,20.5,-10.07,70.75,25,100,5.44,overcast clouds
320,Belmonte,BR,-15.86,-38.88,84.2,66,75,4.7,broken clouds
321,Lorengau,PG,-2.02,147.27,81.82,79,100,4.94,moderate rain
322,Praia,CV,14.92,-23.51,73.4,69,75,13.87,broken clouds
323,La Ronge,CA,55.1,-105.28,26.6,63,0,3.36,clear sky
324,Meiganga,CM,6.52,14.3,72.48,32,100,7.11,overcast clouds
325,Mount Gambier,AU,-37.83,140.77,46.4,100,97,5.82,overcast clouds
326,Melbu,NO,68.5,14.83,44.6,87,75,21.92,shower rain
327,Puri,IN,19.8,85.85,66.2,82,5,5.86,mist
328,Tomatlan,MX,19.93,-105.25,87.46,57,13,8.34,few clouds
329,Massaguet,TD,12.48,15.44,75.74,31,50,8.79,scattered clouds
330,Vanimo,PG,-2.67,141.3,78.24,87,100,7.4,moderate rain
331,Caninde,BR,-4.36,-39.31,94.62,24,4,6.42,clear sky
332,Newport,GB,51.59,-3.0,44.01,98,0,1.92,clear sky
333,Jacmel,HT,18.23,-72.53,89.6,46,20,6.93,few clouds
334,Killeen,US,31.12,-97.73,51.8,76,90,16.11,overcast clouds
335,Kolpny,RU,52.23,37.04,40.6,88,100,14.81,light rain
336,Glenwood Springs,US,39.55,-107.32,42.01,32,1,2.89,clear sky
337,Puerto Escondido,MX,15.85,-97.07,84.2,66,40,5.82,scattered clouds
338,Beloha,MG,-25.17,45.05,72.1,97,16,6.38,few clouds
339,College,US,64.86,-147.8,10.99,76,40,3.36,scattered clouds
340,Pacific Grove,US,36.62,-121.92,61.0,35,1,8.39,clear sky
341,Odweyne,SO,9.41,45.06,71.22,66,0,5.48,clear sky
342,Gladstone,AU,-23.85,151.25,69.8,77,40,1.12,scattered clouds
343,Kerman,IR,30.28,57.08,57.2,19,75,6.93,broken clouds
344,Ramgarh,IN,23.63,85.52,57.2,82,0,3.62,haze
345,Mayya,RU,61.73,130.28,-32.8,73,100,4.47,mist
346,Port Blair,IN,11.67,92.75,80.62,79,0,14.0,clear sky
347,Tukrah,LY,32.53,20.58,60.94,64,0,10.22,clear sky
348,Bichena,ET,10.45,38.2,58.08,68,49,3.6,scattered clouds
349,Nizwa,OM,22.93,57.53,58.66,68,0,0.47,clear sky
350,Christchurch,NZ,-43.53,172.63,57.99,82,100,14.99,overcast clouds
351,Kavaratti,IN,10.57,72.64,82.24,68,0,1.97,clear sky
352,Russell,US,32.35,-85.2,59.0,93,90,9.17,moderate rain
353,Havoysund,NO,71.0,24.66,41.0,74,20,25.28,moderate rain
354,Fortuna,US,40.6,-124.16,55.0,81,49,1.01,scattered clouds
355,Aklavik,CA,68.22,-135.01,-2.2,84,100,4.7,overcast clouds
356,Strezhevoy,RU,60.73,77.59,-4.0,83,75,5.48,broken clouds
357,Pleshanovo,RU,52.83,53.48,15.87,96,37,5.01,scattered clouds
358,Birao,CF,10.28,22.79,73.18,26,0,4.9,clear sky
359,Khuzhir,RU,53.19,107.34,17.15,87,98,10.6,overcast clouds
360,Ust-Nera,RU,64.57,143.2,-17.07,79,54,3.2,broken clouds
361,Mareeba,AU,-17.0,145.43,75.2,88,40,4.7,scattered clouds
362,Tasiilaq,GL,65.61,-37.64,12.2,61,0,3.36,clear sky
363,Balkhash,KZ,46.84,74.98,6.55,91,17,8.5,few clouds
364,Salalah,OM,17.02,54.09,78.8,69,75,5.82,broken clouds
365,Pacifica,US,37.61,-122.49,59.0,58,1,5.82,clear sky
366,Bardiyah,LY,31.76,25.09,62.92,51,0,7.52,clear sky
367,Nome,US,64.5,-165.41,15.8,61,1,4.7,clear sky
368,Valparaiso,CL,-33.04,-71.63,80.6,44,0,16.11,clear sky
369,Rincon,US,32.3,-81.24,64.4,88,90,6.93,light rain
370,Mamakan,RU,57.82,114.0,-7.47,84,90,1.97,overcast clouds
371,Kaitangata,NZ,-46.28,169.85,52.0,87,100,4.0,light rain
372,Malartic,CA,48.13,-78.13,35.6,80,90,5.82,overcast clouds
373,Libreville,GA,0.39,9.45,82.4,83,40,8.05,scattered clouds
374,Maceio,BR,-9.67,-35.74,80.6,65,40,13.87,scattered clouds
375,Eenhana,NA,-17.47,16.33,82.4,65,34,2.24,scattered clouds
376,Zvishavane,ZW,-20.33,30.07,71.89,75,100,1.16,overcast clouds
377,Shimoda,JP,34.67,138.95,51.89,70,0,4.63,clear sky
378,San Jose Del Palmar,CO,4.97,-76.23,80.6,54,20,6.93,few clouds
379,North Bend,US,43.41,-124.22,57.0,66,1,6.93,clear sky
380,Kikwit,CD,-5.04,18.82,70.9,93,93,2.35,overcast clouds
381,Villa Union,MX,23.2,-106.23,84.2,51,5,5.82,clear sky
382,Nemuro,JP,43.32,145.57,33.17,89,33,9.8,scattered clouds
383,Portlethen,GB,57.05,-2.13,30.2,100,98,1.12,overcast clouds
384,Ndele,CF,8.41,20.65,77.58,30,94,4.47,overcast clouds
385,Yuxia,CN,34.06,108.63,39.99,77,84,6.71,mist
386,Grabouw,ZA,-34.15,19.02,62.6,77,0,18.34,clear sky
387,Vallenar,CL,-28.57,-70.76,87.55,23,0,8.99,clear sky
388,Basoko,CD,1.24,23.62,71.67,91,69,3.49,broken clouds
389,Port Hedland,AU,-20.32,118.57,78.8,88,0,9.17,clear sky
390,Saint-Francois,FR,46.42,3.91,37.4,97,90,6.93,overcast clouds
391,Kouango,CF,4.99,19.96,76.91,50,52,1.95,broken clouds
392,Mogadishu,SO,2.04,45.34,80.19,78,0,13.73,clear sky
393,Sao Felix Do Xingu,BR,-6.64,-51.99,85.12,67,100,1.05,moderate rain
394,Neiafu,TO,-18.65,-173.98,77.0,88,75,3.36,broken clouds
395,Mwinilunga,ZM,-11.74,24.43,63.73,92,13,1.79,few clouds
396,Warren,US,39.43,-84.17,55.0,52,1,4.7,clear sky
397,Vila Velha,BR,-20.33,-40.29,82.4,69,20,11.41,few clouds
398,Iskateley,RU,67.68,53.15,19.94,95,100,17.45,overcast clouds
399,Tabas,IR,33.6,56.92,59.0,47,52,2.24,broken clouds
400,Coolum Beach,AU,-26.53,153.1,75.0,83,52,1.01,broken clouds
401,Sao Joao Do Piaui,BR,-8.36,-42.25,87.04,42,100,5.5,overcast clouds
402,Nuuk,GL,64.18,-51.72,28.4,92,100,17.22,heavy snow
403,Nazas,MX,25.23,-104.13,71.76,29,0,6.04,clear sky
404,Yangjiang,CN,21.85,111.97,64.06,58,100,10.6,overcast clouds
405,Nchelenge,ZM,-9.35,28.73,73.72,82,16,9.4,light rain
406,Sokolo,ML,14.73,-6.12,80.92,18,100,9.6,overcast clouds
407,Marsa Matruh,EG,31.35,27.25,57.2,71,40,8.72,scattered clouds
408,Pakxe,LA,15.12,105.78,70.07,79,100,4.29,overcast clouds
409,Escarcega,MX,18.61,-90.75,91.11,42,0,2.26,clear sky
410,Mae Sai,TH,20.43,99.88,61.0,100,0,1.12,clear sky
411,Bairiki,KI,1.33,172.98,82.4,74,20,18.34,few clouds
412,Jiwani,PK,25.05,61.74,72.68,46,0,3.85,clear sky
413,Leningradskiy,RU,69.38,178.42,7.57,92,100,15.57,overcast clouds
414,Los Llanos De Aridane,ES,28.66,-17.92,66.2,55,20,6.93,few clouds
415,Sinnamary,GF,5.38,-52.95,82.6,76,23,11.01,few clouds
416,Olafsvik,IS,64.89,-23.71,31.69,93,65,15.93,broken clouds
417,Novaya Ladoga,RU,60.1,32.3,28.99,80,95,11.07,overcast clouds
418,Birin,NP,26.89,88.07,49.21,83,0,3.65,clear sky
419,Sao Filipe,CV,14.9,-24.5,74.86,67,94,12.5,overcast clouds
420,Evensk,RU,61.95,159.23,10.36,77,8,9.6,clear sky
421,Lulea,SE,65.58,22.15,28.4,92,40,12.75,scattered clouds
422,Safford,US,32.83,-109.71,57.0,28,1,4.7,clear sky
423,Maltahohe,NA,-24.83,16.98,71.02,20,0,17.54,clear sky
424,Stutterheim,ZA,-32.57,27.42,54.5,90,84,3.74,broken clouds
425,Constitucion,CL,-35.33,-72.42,66.6,47,0,19.33,clear sky
426,Champerico,GT,14.3,-91.92,89.6,55,20,9.17,few clouds
427,Maksatikha,RU,57.8,35.88,36.41,91,100,11.27,overcast clouds
428,Dolores,AR,-36.31,-57.68,84.78,33,99,11.48,overcast clouds
429,Nelson Bay,AU,-32.72,152.15,66.0,88,75,11.41,broken clouds
430,Kanelovskaya,RU,46.59,39.19,40.96,92,26,10.67,scattered clouds
431,Nouakchott,MR,18.09,-15.98,69.8,73,100,8.05,overcast clouds
432,Tabou,CI,4.42,-7.35,79.14,82,45,5.01,scattered clouds
433,La Romana,DO,18.43,-68.97,84.2,70,40,4.7,scattered clouds
434,Ieper,BE,50.85,2.89,37.0,91,0,3.94,clear sky
435,Shepsi,RU,44.04,39.15,53.42,43,0,4.07,clear sky
436,Sergeyevka,KZ,53.88,67.42,3.42,94,100,4.7,overcast clouds
437,Kostyantynivka,UA,48.53,37.71,40.64,88,93,11.83,overcast clouds
438,Pasni,PK,25.26,63.47,73.56,48,0,3.89,clear sky
439,Young,UY,-32.68,-57.63,84.99,59,2,1.01,clear sky
440,Maple Creek,CA,49.92,-109.48,33.8,59,10,20.8,clear sky
441,Turan,VN,16.07,108.22,71.6,94,90,17.22,light rain
442,Caravelas,BR,-17.71,-39.25,77.52,74,95,7.94,overcast clouds
443,Dhidhdhoo,MV,6.88,73.1,83.03,71,14,8.3,few clouds
444,Yueyang,CN,29.33,113.09,41.83,87,0,5.46,clear sky
445,Babstovo,RU,48.12,132.48,11.91,86,96,8.5,light snow
446,Rio Grande,BR,-32.03,-52.1,87.8,48,40,14.99,scattered clouds
447,Linqiong,CN,30.42,103.46,48.99,100,40,2.24,mist
448,Touros,BR,-5.2,-35.46,82.4,69,40,18.34,scattered clouds
449,Alegrete,BR,-29.78,-55.79,87.75,46,27,5.28,scattered clouds
450,Khorixas,NA,-20.37,14.97,72.12,33,0,11.41,clear sky
451,Leshan,CN,29.56,103.76,49.44,81,100,3.49,overcast clouds
452,Canberra,AU,-35.28,149.13,57.2,76,90,10.29,overcast clouds
453,Noyabrsk,RU,63.2,75.45,7.36,93,100,11.52,overcast clouds
454,Sakakah,SA,29.97,40.21,57.2,67,0,5.82,clear sky
455,Babu,CN,24.42,111.52,45.9,78,0,5.86,clear sky
456,Taltal,CL,-25.4,-70.48,68.41,55,22,7.23,few clouds
457,Vestmanna,FO,62.16,-7.17,44.6,75,64,21.92,light rain
458,Bubaque,GW,11.28,-15.83,81.84,51,54,9.31,broken clouds
459,Mujiayingzi,CN,42.12,118.78,3.74,86,0,6.67,clear sky
460,Grand Forks,US,47.94,-97.43,28.4,58,20,18.34,few clouds
461,Dumka,IN,24.27,87.25,62.65,44,0,5.03,clear sky
462,Ashqelon,IL,31.67,34.57,59.0,82,0,2.24,clear sky
463,The Valley,AI,18.22,-63.06,84.2,65,20,9.17,few clouds
464,Mahina,PF,-17.51,-149.49,86.0,70,20,14.99,few clouds
465,Muisne,EC,0.6,-80.03,84.2,70,75,11.41,broken clouds
466,Yumen,CN,40.28,97.2,17.64,86,51,1.21,broken clouds
467,Guarapari,BR,-20.67,-40.5,82.4,69,20,11.41,few clouds
468,Hvide Sande,DK,56.0,8.13,34.0,82,0,3.29,clear sky
469,Zyryanka,RU,65.75,150.85,-16.19,88,59,5.26,broken clouds
470,Vostochnyy,RU,55.82,37.87,37.4,93,90,17.9,mist
471,Kachiry,KZ,53.07,76.1,9.52,96,100,6.91,overcast clouds
472,Bangassou,CF,4.74,22.82,72.59,72,20,2.59,few clouds
473,Atasu,KZ,48.68,71.64,-0.38,93,91,5.64,overcast clouds
474,Norton Shores,US,43.17,-86.26,48.2,66,75,10.29,broken clouds
475,Katsuura,JP,35.13,140.3,46.4,65,75,9.17,broken clouds
476,Zasheyek,RU,67.41,32.55,24.01,97,100,10.22,overcast clouds
477,Doha,QA,25.29,51.53,75.2,73,0,3.36,clear sky
478,Oskarshamn,SE,57.26,16.45,32.0,89,98,1.99,overcast clouds
479,Ko Samui,TH,9.54,99.94,81.93,77,87,23.17,overcast clouds
480,Labuhan,ID,-6.88,112.21,75.88,89,100,9.69,overcast clouds
481,Hirara,JP,24.8,125.28,68.99,72,23,27.94,few clouds
482,Erenhot,CN,43.65,111.98,2.71,91,0,4.03,clear sky
483,Victor Harbor,AU,-35.57,138.62,52.0,87,48,7.83,scattered clouds
484,Quiruvilca,PE,-7.97,-78.2,45.45,94,99,3.4,moderate rain
485,Filadelfia,US,39.95,-75.16,55.99,30,20,8.05,few clouds
486,Thessalon,CA,46.25,-83.57,46.4,65,40,5.82,scattered clouds
487,Mildura,AU,-34.2,142.15,59.0,58,12,6.93,few clouds
488,Padang,ID,-0.95,100.35,77.0,74,65,3.67,broken clouds
489,Melilla,ES,35.29,-2.94,62.6,88,20,5.82,few clouds
490,Orlik,RU,52.52,99.83,-6.99,78,37,1.77,scattered clouds
491,Orocue,CO,4.79,-71.34,85.46,64,18,5.44,few clouds
492,Arkhara,RU,49.42,130.08,8.04,95,100,6.6,overcast clouds
493,Meadow Lake,US,34.8,-106.54,53.01,36,1,4.7,clear sky
494,Dauphin,CA,51.15,-100.05,24.8,92,1,10.29,clear sky
495,Khandbari,NP,27.37,87.2,56.5,48,0,2.66,clear sky
496,Porto Belo,BR,-27.16,-48.55,84.99,78,0,12.75,clear sky
497,Fort Walton Beach,US,30.41,-86.62,68.0,100,90,4.7,light rain
498,Idrinskoye,RU,54.37,92.14,-3.39,88,14,1.77,few clouds
499,Najran,SA,17.49,44.13,75.2,38,75,2.84,broken clouds
500,Barguzin,RU,53.62,109.62,4.69,88,95,1.95,overcast clouds
501,Marsh Harbour,BS,26.54,-77.06,77.79,67,98,9.66,overcast clouds
502,Broken Hill,AU,-31.95,141.43,60.8,38,2,2.24,clear sky
503,Narasannapeta,IN,18.42,84.05,69.42,65,0,5.99,clear sky
504,San Patricio,US,28.02,-97.52,68.0,82,1,16.11,clear sky
505,Watsa,CD,3.04,29.54,65.84,89,95,2.64,overcast clouds
506,Ulaanbaatar,MN,47.91,106.88,-16.6,68,0,1.97,clear sky
507,Bonthe,SL,7.53,-12.51,79.38,82,74,5.5,broken clouds
508,Puerto Narino,CO,-3.77,-70.38,89.6,59,40,4.7,scattered clouds
509,Henties Bay,NA,-22.12,14.28,57.99,90,5,2.77,clear sky
510,Zakamensk,RU,50.37,103.29,-2.13,85,36,2.35,scattered clouds
511,Mount Isa,AU,-20.73,139.5,77.0,41,0,4.59,clear sky
512,Ornskoldsvik,SE,63.29,18.72,24.8,100,91,6.93,overcast clouds
513,Moree,AU,-29.47,149.85,77.0,31,100,5.82,overcast clouds
514,Trujillo,PE,-8.12,-79.03,68.0,77,40,14.99,mist
515,Yatou,CN,37.15,122.38,32.67,90,39,6.02,light rain
516,Isabela,PH,6.71,121.97,78.93,80,100,1.52,overcast clouds
517,Tual,ID,-5.67,132.75,84.04,65,100,3.83,overcast clouds
518,Tonantins,BR,-2.87,-67.8,85.28,77,86,1.19,moderate rain
519,Vanderhoof,CA,54.02,-124.02,30.83,94,100,5.41,overcast clouds
520,Port Said,EG,31.26,32.28,64.4,72,0,3.36,clear sky
521,Port Macquarie,AU,-31.43,152.92,70.0,71,83,1.99,broken clouds
522,Bodden Town,KY,19.28,-81.25,82.4,78,20,9.17,few clouds
523,Pingliang,CN,35.54,106.69,26.71,91,100,2.26,overcast clouds
524,Deder,ET,9.32,41.45,54.61,65,0,1.61,clear sky
525,Kiunga,PG,-6.12,141.29,73.83,98,99,0.38,light rain
526,Meulaboh,ID,4.14,96.13,76.12,89,70,3.69,broken clouds
527,Morant Bay,JM,17.88,-76.41,86.0,62,20,23.04,few clouds
528,Puerto Colombia,CO,10.99,-74.95,80.6,88,75,6.93,heavy intensity rain
529,Paamiut,GL,61.99,-49.67,28.0,86,11,12.06,few clouds
530,Morondava,MG,-20.28,44.28,80.04,86,60,6.85,broken clouds
531,Lillooet,CA,50.69,-121.94,37.99,67,75,1.99,broken clouds
532,Cleveland,US,41.5,-81.7,53.6,32,1,11.41,clear sky
533,Nabire,ID,-3.37,135.48,76.48,90,100,3.0,moderate rain
534,Sorong,ID,-0.88,131.25,80.49,83,100,12.62,moderate rain
535,Soyo,AO,-6.13,12.37,79.5,86,100,6.35,overcast clouds
536,Tokonou,GN,9.65,-9.78,78.19,41,68,2.46,broken clouds
537,Jiuquan,CN,39.74,98.52,20.1,85,89,0.07,overcast clouds
538,Patiya,BD,22.29,91.98,63.72,90,0,3.69,clear sky
539,Cochrane,CA,51.18,-114.47,37.99,40,90,10.29,overcast clouds
540,Jacareacanga,BR,-6.22,-57.75,87.01,60,100,2.44,overcast clouds
541,San Quintin,MX,30.48,-115.95,68.56,31,0,6.62,clear sky
542,Chaohu,CN,31.6,117.87,33.8,100,0,4.47,mist
543,Phangnga,TH,8.45,98.53,78.8,83,20,6.93,moderate rain
544,Collie,AU,-33.37,116.15,51.01,86,99,10.0,overcast clouds
545,Banff,CA,51.18,-115.57,30.2,57,100,12.75,overcast clouds
546,Canutama,BR,-6.53,-64.38,92.34,47,97,3.51,heavy intensity rain
547,Kutum,SD,14.2,24.67,61.18,27,0,7.92,clear sky
548,San Andres,CO,12.58,-81.7,75.2,94,90,20.56,thunderstorm with light rain
549,Gobabis,NA,-22.45,18.97,87.8,15,16,2.24,few clouds
550,Moerai,PF,-22.43,-151.33,78.28,88,99,11.41,overcast clouds
551,Yeovil,GB,50.94,-2.63,43.0,93,46,1.12,scattered clouds
552,Samarai,PG,-10.62,150.67,81.12,82,100,6.49,overcast clouds
553,Salym,RU,60.06,71.48,4.33,93,0,3.36,clear sky
554,Hobyo,SO,5.35,48.53,78.94,75,80,13.11,broken clouds
555,Owando,CG,-0.48,15.9,75.56,77,39,1.99,scattered clouds
556,Kazlu Ruda,LT,54.77,23.5,32.0,99,90,4.7,overcast clouds
557,La Libertad,EC,-2.23,-80.9,72.64,81,98,12.64,overcast clouds
558,Lincoln,US,40.8,-96.67,41.0,41,1,28.86,clear sky
559,Polis,CY,35.04,32.43,59.0,77,40,8.05,scattered clouds
560,Flinders,AU,-34.58,150.86,64.99,73,71,1.99,broken clouds
561,Nioro,GM,13.35,-15.75,78.76,32,100,8.01,overcast clouds
562,Villefranche-De-Rouergue,FR,44.33,2.0,46.99,86,0,2.24,clear sky
563,Muriwai Beach,NZ,-36.82,174.45,60.01,82,99,7.18,moderate rain
564,Mecca,SA,21.43,39.83,74.05,47,14,5.64,few clouds
565,Maibong,IN,25.3,93.17,58.98,74,0,0.81,clear sky
566,Fernley,US,39.61,-119.25,46.0,34,17,3.0,few clouds
567,Karratha,AU,-20.74,116.85,79.38,41,0,9.17,light rain
568,Sayyan,YE,15.17,44.32,52.92,63,1,2.84,clear sky
569,Tatarskaya Kargala,RU,51.95,55.17,19.4,92,75,4.47,broken clouds
570,Sawtell,AU,-30.38,153.1,71.6,64,90,18.34,overcast clouds
571,Alofi,NU,-19.06,-169.92,78.8,94,100,4.7,overcast clouds
572,Kieta,PG,-6.22,155.63,80.65,80,74,5.28,light rain
573,Ordzhonikidze,KZ,52.44,61.74,5.38,94,0,3.11,clear sky
574,Qui Nhon,VN,13.77,109.23,75.16,92,100,23.11,light rain
575,Porto Torres,IT,40.84,8.4,50.0,100,0,2.24,clear sky
576,Yarmouth,US,41.71,-70.23,52.0,50,1,11.41,clear sky
577,Umm Lajj,SA,25.02,37.27,73.15,49,0,13.96,clear sky
578,Wesselsbron,ZA,-27.85,26.37,73.67,27,0,2.04,clear sky
579,Den Helder,NL,52.96,4.76,34.0,100,0,1.12,mist
580,Alyangula,AU,-13.85,136.42,75.2,100,47,2.24,mist
581,Portland,US,45.52,-122.68,50.0,86,0,4.03,clear sky
582,Silver City,US,32.77,-108.28,55.99,20,1,6.93,clear sky
583,Puksoozero,RU,62.59,40.61,18.82,98,99,6.38,overcast clouds
584,Akdepe,TM,42.06,59.38,28.4,74,0,20.8,clear sky
585,Coari,BR,-4.08,-63.14,88.52,61,99,0.36,overcast clouds
586,Totness,SR,5.88,-56.32,81.88,78,77,11.16,moderate rain
587,Kjollefjord,NO,70.95,27.35,37.4,74,20,25.28,few clouds
588,Ust-Tsilma,RU,65.44,52.15,19.11,93,100,8.19,overcast clouds
589,Halifax,CA,44.65,-63.57,45.0,56,33,9.17,scattered clouds
590,Celestun,MX,20.87,-90.4,84.47,62,11,6.73,few clouds
591,Dire,ML,12.28,-10.97,81.84,27,92,3.44,overcast clouds
592,Klaksvik,FO,62.23,-6.59,44.6,75,54,21.92,broken clouds
593,Marawi,PH,8.0,124.29,73.99,89,96,3.0,overcast clouds
594,Beyla,GN,8.68,-8.63,76.55,63,53,2.95,broken clouds
595,Gorin,RU,51.2,136.67,9.19,95,98,1.12,overcast clouds
596,Magadi,IN,12.97,77.23,66.2,100,40,4.7,scattered clouds
597,Zermatt,CH,46.02,7.75,30.0,89,0,3.0,clear sky
598,Beyneu,KZ,45.32,55.2,33.57,89,97,20.13,overcast clouds
599,Cervo,ES,43.67,-7.41,42.01,100,100,3.0,overcast clouds
600,Santa Maria,BR,-29.68,-53.81,87.8,55,40,5.82,scattered clouds
601,Ovalle,CL,-30.6,-71.2,89.15,18,0,8.23,clear sky
602,Bonga,ET,7.28,36.23,59.27,88,0,1.57,clear sky
603,El Alto,PE,-4.27,-81.21,80.6,57,0,13.87,clear sky
604,Osmena,PH,10.52,119.93,82.02,80,5,19.48,clear sky
605,Rocha,UY,-34.48,-54.33,79.72,55,0,10.38,clear sky
606,Maldonado,UY,-34.67,-54.92,73.99,78,20,13.87,few clouds
607,Gijon,ES,43.54,-5.66,53.01,87,100,2.57,overcast clouds
608,Beya,RU,53.05,90.91,3.79,88,5,1.05,clear sky
609,Pangody,RU,65.85,74.49,11.7,93,100,16.67,overcast clouds
610,Acheng,CN,45.55,126.98,3.2,77,0,8.95,clear sky
611,Westport,US,41.14,-73.36,53.01,43,1,9.17,clear sky
612,Santa Marta,CO,11.24,-74.2,87.01,72,100,5.99,overcast clouds
613,Mahanoro,MG,-19.9,48.8,74.88,85,13,8.48,few clouds
614,Zhukovskiy,RU,55.6,38.12,37.4,93,90,15.66,light intensity drizzle
615,Camapua,BR,-19.53,-54.04,97.9,24,49,3.24,scattered clouds
616,Yeniseysk,RU,58.45,92.17,2.75,91,41,1.63,scattered clouds
617,Dubrovnik,HR,42.65,18.09,55.4,47,0,19.46,clear sky
618,Almaznyy,RU,48.04,40.05,41.0,100,90,17.9,light intensity drizzle
619,Tautira,PF,-17.73,-149.15,86.0,66,20,13.87,few clouds
620,Finnsnes,NO,69.23,17.98,42.8,75,75,29.97,light intensity shower rain
621,Suzhou,CN,31.31,120.62,43.0,81,97,6.85,overcast clouds
622,Sola,VU,-13.88,167.55,78.48,88,97,13.96,overcast clouds
623,Kaseda,JP,31.42,130.32,51.58,72,41,14.2,scattered clouds
624,Rawson,AR,-43.3,-65.1,60.78,33,8,10.8,clear sky
625,Amantea,IT,39.13,16.07,51.8,93,69,4.7,broken clouds
626,Severodvinsk,RU,64.56,39.83,17.6,92,90,2.24,overcast clouds
627,Sawakin,SD,19.11,37.33,76.84,61,25,9.69,scattered clouds
628,Nador,MA,35.17,-2.93,62.6,88,20,5.82,few clouds
629,Kirkwall,GB,58.98,-2.96,46.4,81,40,19.46,scattered clouds
630,Mikhaylovka,RU,50.06,43.24,35.01,82,1,8.99,clear sky
631,Lowestoft,GB,52.48,1.75,46.0,91,100,0.4,overcast clouds
632,Tilichiki,RU,60.47,166.1,0.88,91,0,8.86,clear sky
633,Prainha,BR,-1.8,-53.48,90.82,49,100,5.64,overcast clouds
634,Soavinandriana,MG,-19.17,46.73,66.42,85,90,2.28,light rain
635,Quzhou,CN,28.96,118.87,46.4,81,76,7.07,broken clouds
636,Talakan,RU,50.32,130.37,5.81,93,100,3.8,overcast clouds
637,Khani,GE,41.96,42.96,46.4,65,0,8.05,clear sky
638,Krasnaya Gora,RU,53.0,31.6,32.0,95,90,11.18,mist
639,Charters Towers,AU,-20.1,146.27,67.05,92,3,5.26,clear sky
640,Gravdal,NO,68.12,13.5,42.8,87,75,13.87,moderate rain
641,Pangnirtung,CA,66.15,-65.71,8.6,84,90,4.7,light snow
642,Haimen,CN,23.19,116.61,62.6,67,0,6.71,clear sky
643,Viramgam,IN,23.12,72.05,69.8,60,1,3.36,haze
644,Shetpe,KZ,44.17,52.12,31.75,89,100,21.07,overcast clouds
645,Brandfort,ZA,-28.7,26.46,66.2,52,0,2.24,clear sky
646,Hami,CN,42.8,93.45,23.99,84,98,4.54,overcast clouds
647,Saint-Pierre,RE,-21.34,55.48,73.4,78,0,4.7,clear sky
648,Lao Cai,VN,22.48,103.95,59.45,82,35,0.2,scattered clouds
649,Calella,ES,41.62,2.67,57.99,100,17,4.0,few clouds
650,Shelburne,CA,44.08,-80.2,48.99,76,83,13.04,broken clouds
651,Haines Junction,CA,60.75,-137.51,26.6,92,30,2.24,scattered clouds
652,Punta De Piedra,VE,7.62,-71.49,86.18,63,0,3.33,clear sky
653,Kraslava,LV,55.9,27.17,32.88,96,100,5.35,overcast clouds
654,Hay River,CA,60.82,-115.8,28.4,63,100,13.87,overcast clouds
655,Poronaysk,RU,49.22,143.12,18.5,89,60,8.59,broken clouds
656,Byron Bay,AU,-28.65,153.62,71.01,83,90,13.87,overcast clouds
657,Calvinia,ZA,-31.47,19.78,69.46,23,0,3.91,clear sky
658,Dwarka,IN,22.24,68.97,77.04,58,0,11.56,clear sky
659,Berbera,SO,10.44,45.01,79.27,74,6,6.35,clear sky
660,Amuntai,ID,-2.42,115.25,72.3,98,95,1.57,overcast clouds
661,Jaguarao,BR,-32.57,-53.38,83.12,61,0,10.58,clear sky
662,Oriximina,BR,-1.77,-55.87,91.76,48,43,6.2,scattered clouds
663,Alenquer,BR,-1.94,-54.74,89.6,66,20,10.29,few clouds
664,Saint-Paul,RE,-21.01,55.27,73.4,73,0,13.87,clear sky
665,Balkanabat,TM,39.51,54.37,42.17,66,100,24.85,moderate rain
666,Kyra,RU,49.58,111.98,4.32,85,2,3.89,clear sky
667,Jadu,LY,31.95,12.03,54.64,52,0,16.44,clear sky
668,Claveria,PH,18.61,121.08,75.15,81,98,18.75,overcast clouds
669,Sao Raimundo Nonato,BR,-9.02,-42.7,85.64,45,100,4.12,overcast clouds
670,Staraya Poltavka,RU,50.48,46.48,29.14,94,72,13.78,broken clouds
671,Vao,NC,-22.67,167.48,73.06,62,0,9.37,clear sky
672,Zdvinsk,RU,54.7,78.66,6.08,95,78,5.39,broken clouds
673,Petropavlovsk-Kamchatskiy,RU,53.05,158.65,17.6,92,90,2.24,shower snow
674,Fukue,JP,32.69,128.84,52.23,74,2,22.88,clear sky
675,Pemangkat,ID,1.17,108.97,75.52,91,100,2.89,moderate rain
676,Half Moon Bay,US,37.46,-122.43,59.0,58,1,5.82,clear sky
677,Banda Aceh,ID,5.56,95.32,78.44,78,100,3.74,overcast clouds
